product_id,name,category,brand,price,status,image_url,product_url
10849502582,엄마신발 할머니신발 천연가죽 로퍼 쿠션굽 3cm MKh002 ,로퍼,미즈걸,44800,판매중,https://shop-phinf.pstatic.net/20240907_194/1725710057614vJzCs_JPEG/59842881812306730_1989367255.jpg?type=o1000 ,https://smartstore.naver.com/mizgirl/products/10849502582
10825165060,엄마신발 지쎄 수제화 로퍼 천연가죽 쿠션굽 2.5cm G4304 ,로퍼,미즈걸,93800,판매중,https://shop-phinf.pstatic.net/20240902_10/17252768071455pREL_JPEG/6059043714472122_1689671789.jpg?type=o1000,https://smartstore.naver.com/mizgirl/products/10825165060
5857907320,엄마신발 지쎄 수제화 양가죽 발편한 로퍼 신발 50대 중년 G4203 ,로퍼,미즈걸,91800,판매중,https://shop-phinf.pstatic.net/20210911_242/16313715493963YAhL_JPEG/32507445124877635_809575944.jpg?type=o1000 ,https://smartstore.naver.com/mizgirl/products/5857907320
10792243559,엄마신발 가죽 정장 로퍼 60대 중년여성 3.5cm LS1768 ,로퍼,미즈걸,64800,판매중,https://shop-phinf.pstatic.net/20240826_291/1724658545664GI9HS_JPEG/1295959935351991_1340254398.jpg?type=o1000 ,https://smartstore.naver.com/mizgirl/products/10792243559
6022513952,G2152 엄마구두 발볼 편한 지쎄 수제화 양가죽 무지외반 정장 구두 50대 중년 ,구두,미즈걸,74800,판매중,https://shop-phinf.pstatic.net/20211118_229/1637220865470fjeog_JPEG/38356764178867352_189119057.jpg?type=o1000,https://smartstore.naver.com/mizgirl/products/6022513952
5385451610,MK457 엄마신발 큐빅 에어굽 발편한신발 50대 225사이즈 ,운동화,미즈걸,44800,판매중,https://shop-phinf.pstatic.net/20210131_300/1612082848060MCceR_JPEG/13218681871511568_846637331.jpg?type=o1000 ,https://smartstore.naver.com/mizgirl/products/5385451610
12570972719,지쎄 수제화 엄마신발 엄마구두 무지외반 발볼늘림 6cm G4678 ,로퍼,미즈걸,86800,판매중,https://shop-phinf.pstatic.net/20251021_298/1761033891322NtLxJ_JPEG/95166752444294679_1208203296.jpg?type=o1000 ,https://smartstore.naver.com/mizgirl/products/12570972719
9902656967,엄마구두 발편한구두 가죽 펌프스 무지외반 4cm ch141 ,구두,미즈걸,47800,판매중,https://shop-phinf.pstatic.net/20240130_15/1706618057213sYN0I_JPEG/107753891029478563_285104249.jpg?type=o1000,https://smartstore.naver.com/mizgirl/products/9902656967
4639689308,SR1766 무지외반증 발볼 편한 수제화 중년 엄마구두 신발 빅사이즈 ,구두,미즈걸,79800,판매중,https://shop-phinf.pstatic.net/20200121_281/1579536821852Duc9o_JPEG/16896656401356952_23242938.jpg?type=o1000 ,https://smartstore.naver.com/mizgirl/products/4639689308
9945155178,엄마구두 지쎄 수제화 발편한여성구두 양가죽 빅사이즈 6cm G4308 ,구두,미즈걸,84800,판매중,https://shop-phinf.pstatic.net/20240213_66/1707789179752W32ir_JPEG/35091863633379848_1221954594.jpg?type=o1000 ,https://smartstore.naver.com/mizgirl/products/9945155178
10032510821,4.5cm 지쎄 수제화 엄마구두 천연양가죽 발볼편한 무지외반 40대 g4096 ,구두,미즈걸,79800,판매중,https://shop-phinf.pstatic.net/20240305_62/1709630803061BbG5j_JPEG/110766630890996378_1916921502.jpg?type=o1000 ,https://smartstore.naver.com/mizgirl/products/10032510821
8467674850,할머니신발 어르신 요양원 가벼운 초경량 펀칭 단화 신발 80대 DL707 ,로퍼,미즈걸,25000,판매중,https://shop-phinf.pstatic.net/20230427_53/1682568157479VYqk5_JPEG/2055047526222882_241571223.jpg?type=o1000 ,https://smartstore.naver.com/mizgirl/products/8467674850
12344944774,할머니운동화 무지외반증 운동화 발볼늘림 SSGL7-27(230-250) ,운동화,미즈걸,29800,판매중,https://shop-phinf.pstatic.net/20250903_165/1756884373209nhKmy_JPEG/82272737901178892_1451726644.jpg?type=o1000 ,https://smartstore.naver.com/mizgirl/products/12344944774
4832035794,할머니신발 어르신 효도화 단화 MK727 ,단화,미즈걸,45800,판매중,https://shop-phinf.pstatic.net/20200224_190/1582543467564unBdS_JPEG/19904206197421193_1727180544.jpg?type=o1000 ,https://smartstore.naver.com/mizgirl/products/4832035794
13352256777,엄마운동화 할머니운동화 핸즈프리 무지외반증 발볼늘림 HJ260 ,운동화,미즈걸,29800,판매중,https://shop-phinf.pstatic.net/20260404_248/1775292366111kOkyd_JPEG/90300860142243112_1669424631.jpg?type=o1000 ,https://smartstore.naver.com/mizgirl/products/13352256777
12435763419,엄마신발 엄마구두 무지외반증 발볼늘림 50대 중년여성 SR2977 ,구두,미즈걸,84800,판매중,https://shop-phinf.pstatic.net/20250920_152/1758375183756zajlY_JPEG/12142867707390960_215669072.jpg?type=o1000 ,https://smartstore.naver.com/mizgirl/products/12435763419
12434699228,수제화 발볼넓은구두 무지외반증신발 엄마신발 엄마구두 중년여성 IK555 ,구두,미즈걸,79800,판매중,https://shop-phinf.pstatic.net/20250920_36/1758357585009LoQBj_JPEG/13030671589013456_1375580603.jpg?type=o1000 ,https://smartstore.naver.com/mizgirl/products/12434699228
12434813497,수제화 발볼넓은구두 무지외반증신발 엄마신발 엄마구두 중년여성 IK305 ,구두,미즈걸,64800,판매중,https://shop-phinf.pstatic.net/20250920_291/1758360165311bXhGv_JPEG/8451112333979745_648183178.jpg?type=o1000 ,https://smartstore.naver.com/mizgirl/products/12434813497
12456358446,수제화 발볼넓은구두 무지외반증신발 엄마신발 엄마구두 IK203-1 ,구두,미즈걸,82800,판매중,https://shop-phinf.pstatic.net/20250924_200/1758715945428CwPe3_JPEG/92848836568763160_420087360.jpg?type=o1000 ,https://smartstore.naver.com/mizgirl/products/12456358446
11458242118,할머니신발 발편한 가벼운 어르신 효도화 80대 2cm DL927(225-250) ,단화,미즈걸,22800,판매중,https://shop-phinf.pstatic.net/20250211_272/1739257260731osn2J_JPEG/21617253732407192_1783925779.jpg?type=o1000 ,https://smartstore.naver.com/mizgirl/products/11458242118
11425800277,엄마신발 발편한 가벼운 엄마운동화 엄마선물 4cm SJR525 (230-250) ,운동화,미즈걸,47800,판매중,https://shop-phinf.pstatic.net/20250203_192/173858745946644DOe_JPEG/66908733598365367_2097372381.jpg?type=o1000 ,https://smartstore.naver.com/mizgirl/products/11425800277
11470437771,엄마신발 엄마구두 발편한 천연가죽 중년 엄마구두 4.5cm MK807 ,구두,미즈걸,49800,판매중,https://shop-phinf.pstatic.net/20240925_183/17272676487095XikO_JPEG/73293491406337466_749570301.jpg?type=o1000 ,https://smartstore.naver.com/mizgirl/products/11470437771
11418486775,할머니신발 발편한 가벼운 효도화 할머니선물 3.5cm SJQ9344 (225-250) ,단화,미즈걸,44800,판매중,https://shop-phinf.pstatic.net/20250203_223/1738582957849t4JKl_JPEG/19944646658581646_1121835046.jpg?type=o1000 ,https://smartstore.naver.com/mizgirl/products/11418486775
11418938469,엄마신발 발편한 가벼운 엄마운동화 엄마선물 빅사이즈 3cm MK9663 (230-255) ,운동화,미즈걸,44800,판매중,https://shop-phinf.pstatic.net/20250203_151/1738583063372mbhUG_JPEG/28187239372192524_323442757.jpg?type=o1000 ,https://smartstore.naver.com/mizgirl/products/11418938469
10954302296,천연가죽 발편한 중년 키높이 운동화 6cm ch766 ,운동화,미즈걸,49800,판매중,https://shop-phinf.pstatic.net/20241003_155/1727942822115pdy8e_JPEG/21145409330057662_1181070915.jpg?type=o1000 ,https://smartstore.naver.com/mizgirl/products/10954302296
10241028497,3.5cm 할머니신발 어르신 효도화 여름 망사 무지외반 발볼늘림 SS233 ,단화,미즈걸,24800,판매중,https://shop-phinf.pstatic.net/20240422_102/1713786092554N3Mgx_JPEG/114921991256373982_2063964647.jpg?type=o1000 ,https://smartstore.naver.com/mizgirl/products/10241028497
2919156710,엄마신발 발편한 큐빅 단화 무지외반 60대 중년여성 SS179 ,단화,미즈걸,39800,판매중,https://shop-phinf.pstatic.net/20240213_25/1707752907475VLs0q_JPEG/108888806180890128_2036775862.jpg?type=o1000 ,https://smartstore.naver.com/mizgirl/products/2919156710
4732034052,엄마신발 소가죽 정장 구두 효도화 단화 중년 엄마 할머니 여성 SR631 ,로퍼,미즈걸,64800,판매중,https://shop-phinf.pstatic.net/20191115_176/15738163919846IXw9_JPEG/11177130455664150_2127837189.jpg?type=o1000 ,https://smartstore.naver.com/mizgirl/products/4732034052
5821837001,엄마신발 무지외반증 발편한구두 3cm 60대 MS209 (230-250) ,로퍼,미즈걸,39800,판매중,https://shop-phinf.pstatic.net/20210828_2/1630106880208xBbyc_JPEG/31242715043724788_40508381.jpg?type=o1000 ,https://smartstore.naver.com/mizgirl/products/5821837001
4699925381,DL014 발볼 편한 중년 엄마구두 정장구두 신발 50대 60대 여성 ,구두,미즈걸,64800,판매중,https://shop-phinf.pstatic.net/20191016_223/157121753116977bFk_JPEG/8578269803965653_1096588699.jpg?type=o1000 ,https://smartstore.naver.com/mizgirl/products/4699925381
5387344171,G4133 지쎄 수제화 60대 편한 엄마구두 신발 ,구두,미즈걸,79800,판매중,https://shop-phinf.pstatic.net/20210208_295/1612758467512B4naq_JPEG/13894301331243191_1400931470.jpg?type=o1000 ,https://smartstore.naver.com/mizgirl/products/5387344171
10824368394,엄마신발 발볼 편한 엄마구두 천연가죽 쿠션굽 3.5cm SJ2988 ,구두,미즈걸,41800,판매중,https://shop-phinf.pstatic.net/20240902_177/1725262332765fukJO_JPEG/8869963623212016_1739234867.jpg?type=o1000 ,https://smartstore.naver.com/mizgirl/products/10824368394
10825773885,엄마신발 지쎄 수제화 로퍼 천연가죽 쿠션굽 4.5cm G4556 ,로퍼,미즈걸,89800,판매중,https://shop-phinf.pstatic.net/20240902_217/1725289125275NSHba_JPEG/53495264091158832_144446986.jpg?type=o1000 ,https://smartstore.naver.com/mizgirl/products/10825773885
12271611681,엄마운동화 할머니운동화 핸즈프리 무지외반증 발볼늘림 SS-ES35 ,운동화,미즈걸,27800,판매중,https://shop-phinf.pstatic.net/20250819_300/1755601352774yWe7M_JPEG/89734119214002010_298772268.jpg?type=o1000 ,https://smartstore.naver.com/mizgirl/products/12271611681
